GLITTER4.5: Laser Ablation Analysis Results;;;;;;;;;;;;;;;;;;;;;;;;;;;;;;;;;;;;;;;;;;;;;;;;;;;;;;;;;;;;;;;;;;;;;;;;;;
;;;;;;;;;;;;;;;;;;;;;;;;;;;;;;;;;;;;;;;;;;;;;;;;;;;;;;;;;;;;;;;;;;;;;;;;;;
C:\Element\user\Administrator\data\250605 Marijn Apetite\250605 Marijn Apetite.FIN;;;;;;;;;;;;;;;;;;;;;;;;;;;;;;;;;;;;;;;;;;;;;;;;;;;;;;;;;;;;;;;;;;;;;;;;;;
Created: Thu Jun 05 16:57:11 2025;;;;;;;;;;;;;;;;;;;;;;;;;;;;;;;;;;;;;;;;;;;;;;;;;;;;;;;;;;;;;;;;;;;;;;;;;;
;;;;;;;;;;;;;;;;;;;;;;;;;;;;;;;;;;;;;;;;;;;;;;;;;;;;;;;;;;;;;;;;;;;;;;;;;;
All values are reported in ppm;;;;;;;;;;;;;;;;;;;;;;;;;;;;;;;;;;;;;;;;;;;;;;;;;;;;;;;;;;;;;;;;;;;;;;;;;;
;;;;;;;;;;;;;;;;;;;;;;;;;;;;;;;;;;;;;;;;;;;;;;;;;;;;;;;;;;;;;;;;;;;;;;;;;;
GLITTER!: Trace Element Concentrations MDL filtered.;;;;;;;;;;;;;;;;;;;;;;;;;;;;;;;;;;;;;;;;;;;;;;;;;;;;;;;;;;;;;;;;;;;;;;;;;;
Element;N612-1;N612-2;N612-3;N610-1;Bonn-259B-Notho-1;Bonn-259B-Notho-2;Bonn-259B-Notho-3;3036-Gyro-4;3036-Gyro-5;N612-4;N610-2;2024-60-Acr-6;2024-60-Acr-7;2024-60-Acr-8;2024-60-Acr-9;2024-60-Acr-10;N612-5;N610-3;2024-60-Acr-11;2024-60-Acr-12;2024-60-Acr-13;2024-60-Acr-14;2024-60-Acr-15;2024-60-Acr-16;N612-6;N610-4;Bonn-606-Colo-17;Bonn-606-Colo-18;Bonn-606-Colo-19;Bonn-606-Colo-20;Bonn-606-Colo-21;2024-129-Notho-22;N612-7;N610-5;2024-129-Notho-23;2024-129-Notho-24;2024-129-Notho-25;2024-129-Notho-26;2024-129-Notho-27;177-L45-Saur-28;177-L45-Saur-29;177-L45-Saur-30;2024-34-Acr-31;N612-8;N612-9;N610-6;2024-34-Acr-32;2024-34-Acr-33;2024-34-Acr-34;2024-34-Acr-35;2024-34-Acr-36;3329-Saur-37;3329-Saur-38;3329-Saur-39;3329-Saur-40;N612-10;N612-11;N610-7;3329-Saur-41;3329-Saur-42;3329-Saur-43;3329-L29-Acr-44;3329-L29-Acr-45;3329-L29-Acr-46;3329-L29-Acr-47;3329-L29-Acr-48;3329-L29-Acr-49;3329-L29-Acr-50;3329-L29-Acr-51;N610-8;N610-9;N612-12;N612-13;N612-14
Ca43;85262.51;85262.51;85262.51;81475.91;285880.38;285880.38;285880.38;285880.38;285880.38;85262.52;81475.91;285880.38;285880.41;285880.41;285880.41;285880.41;85262.52;81475.91;285880.38;285880.41;285880.38;285880.41;285880.41;285880.41;85262.52;81475.91;285880.41;285880.41;285880.41;285880.41;285880.41;285880.41;85262.51;81475.91;285880.41;285880.41;285880.41;285880.41;285880.41;285880.41;285880.41;285880.44;285880.41;85262.52;85262.52;81475.92;285880.44;285880.41;285880.41;285880.44;285880.44;285880.41;285880.44;285880.44;285880.41;85262.52;85262.53;81475.92;285880.44;285880.44;285880.44;285880.44;285880.44;285880.44;285880.44;285880.44;285880.44;285880.44;285880.44;81475.92;81475.92;85262.53;85262.53;85262.53
Ca44;75415.93;84495.38;88826.3;82612.47;203331.81;207448.23;226370.92;178191.19;195131.55;96624.61;83132.48;234543.56;220735.66;220875.61;226650.92;221967.95;92994.23;81516.22;219735.78;215050.06;223430.16;214584.3;217956.17;226380.41;86637.48;77728;219136.39;238941.38;244436.72;226717.81;224112.61;216997.81;82882.35;75656.74;213002.77;219518.95;211899.64;207010.97;217048.3;213761.8;198085.3;202673.56;208497.64;88840.78;82930.13;78059.83;204153.55;208819.42;215974.86;207496.41;221410.84;172539.61;169332.72;165834.92;173196.97;86604.3;87307.19;70806.48;169696.17;170628.5;188251.5;170042.73;169038.08;167999.05;170392.44;162898.83;165820.39;188919.56;179860.25;74125.85;70924.68;86527.52;82065.55;81826.59
Cr52;40.69;39.71;38.79;461.76;3.7;<2.12;3.16;3.92;1.89;40.59;447.06;4.6;<2.02;<1.95;<1.91;1.92;39.53;470.59;3.72;<1.89;<2.07;<2.21;<1.85;<1.87;40.14;451.7;<2.09;<1.83;<1.75;<1.82;2.25;5.64;40.13;442.53;3.45;5.33;1.97;<1.98;<1.97;<12.51;<7.64;15.38;<2.23;39.14;40.12;459.57;2.65;<1.93;<1.95;<1.99;<1.87;3.82;5.16;5.94;6.05;38.92;40.41;472.75;4.02;4.17;6.2;3.29;6.34;5.14;<2.23;<2.84;<2.92;<1.57;<1.52;476.57;467.8;40.39;40.12;39.6
Ni60;40.03;36.73;39.25;466.71;<10.17;<9.49;<8.75;8.78;<8.64;35.86;451.19;<9.24;<9.47;<9.07;<8.82;<8.70;40.68;456.18;<9.76;<9.40;<10.21;302.19;<9.39;<9.09;38.37;447.56;18.33;<9.77;<9.43;<9.49;<8.61;<12.03;36.84;447.31;<10.58;13.27;<10.43;<10.80;<10.80;70.46;<41.92;<69.54;<13.05;36.47;39.55;449.77;<14.06;<11.33;<11.27;20.02;<11.15;<13.08;21.86;<10.53;<13.78;37.18;39.11;448.61;14.93;<12.14;80.35;<11.46;<12.33;<12.08;<12.96;<15.78;<16.95;<9.15;<8.93;455.75;444.69;38.78;38.23;40.13
Cu63;36.84;37.74;36.96;493.16;2.32;1.44;7.35;102.69;82.14;37.44;480.76;2.09;0.95;1.88;2.16;0.98;36.81;467.35;1.13;0.91;19.31;<2.36;1.35;<0.75;36.2;472.79;2.52;2.66;1.85;1.01;1.91;2.85;34.55;480.36;2.02;4.91;1.19;2.26;2.98;<5.32;14.67;6.63;<0.89;35.95;36.2;491.61;2.25;<0.84;<0.86;<0.89;1.72;35.4;35.21;40.28;42.72;35.64;37.06;453.15;26.95;23.02;59.83;12.71;24.22;75.41;25.67;23.22;29.31;7.64;9.09;454.4;447.25;37.31;37.02;38.26
Zn66;39.42;38.08;37.12;476.89;44.93;51.31;47.5;518.72;373.88;41.19;462.65;34.82;40.96;39.57;34.47;33.28;36.87;459.73;40.47;26.08;49.6;50.95;34.84;57.61;35.98;460.85;38.84;43.33;58.57;40.46;40.46;29.23;36.54;462.91;35.21;31.07;27.35;18.43;32.41;93.73;44.41;<33.27;32.16;35.11;38.31;453.75;22.39;26.26;86.45;26.68;36.09;544.18;535.81;444.28;643.49;36.48;38.4;449.68;515.49;514.74;817.98;160.54;183.96;166.29;196.45;176.15;167.32;192.24;182.27;457.9;445.64;39.04;39.06;39.24
As75;37.16;40.73;37.07;319.48;10.5;<8.43;22.88;167.22;175.13;37.59;281.75;<7.65;<7.94;<7.57;8.93;14.01;36.04;357.76;<8.35;<7.71;56.78;<9.98;13.07;10.02;32.27;304.27;30.52;15.91;12.35;<8.58;19.35;34.02;37.64;274.46;30.9;19.38;<9.28;10.74;16.91;116.71;<35.51;69.91;<11.68;37.77;41.29;293.78;15.01;<10.04;<10.40;<9.86;<9.85;140.43;113.53;133.51;221.73;36.74;36.39;358.28;118.84;126.17;275.36;34.29;<10.77;<11.43;23.5;<13.73;<15.22;12.1;<7.97;363.45;366.85;41.49;34.68;36.44
Sr87;74.77;79.44;76.99;865.4;1904.39;1789.4;2103.63;344.76;349.74;78.21;851.13;1303.39;1337.08;1387.5;1422.58;1328.08;75.18;853.68;1325.66;1206.23;1419.37;1328.85;1208.95;1429.96;74.84;848.83;2269.22;2314.51;2395.96;2494.2;2481.27;2503.92;74.1;843.69;1637.79;1572.74;1758.45;1820.32;1765.31;1264.07;788.67;1333.25;1174.35;74.6;76.71;863.36;1328.58;1262.18;1201.54;1190.91;1206.64;320.93;337.38;315.04;306.27;74.61;75.43;844.22;350.07;342.36;241.29;726;801.73;773.83;767.2;739.91;738.73;693.48;676.15;851.72;844.99;76.72;75.87;79.84
Sr88;75.42;77.71;76.77;569.6;5749.98;5379.53;6767.8;923.07;951.45;78;557.96;3771.45;3736.9;4119.58;4210.41;4056.3;75.71;563.54;3774.49;3473.66;4077.21;3846.94;3662;4044.58;74.89;565.9;7286.93;8086.61;8685.45;9752.91;10168.8;7717.93;75.26;548.2;5042.73;4948.84;4919.63;4954.33;5319.37;3365.77;2077.45;3503.33;3376.11;73.98;76.69;562.03;3845.9;3694.07;3570.35;3408.64;3529.79;865.02;909.45;868.82;826.33;74.34;76.36;565.85;889.18;927.76;657.23;2026.93;2200.62;2169.89;2097.41;1967.6;1959.92;2010.15;1987.11;566.44;559.38;76.99;77.47;77.04
Cd111;28.93;29.87;29.77;273.84;5.04;7.24;3.59;8.91;9.61;29.46;259.87;5.07;4.16;2.43;3.19;3.44;27.14;261.97;4.82;2.96;3.64;4.33;5.07;4.13;25.67;256.54;4.39;5.13;3.92;8.27;8.48;5.91;26.03;240.78;2.9;3.76;6.12;7.15;3.91;5.64;<2.22;<0.00;3.11;27.85;27.55;263.66;4.11;3.55;2.02;3.03;4.01;33.69;43.38;39.31;44.85;25.8;30.02;263.26;38.39;37.93;80;6.31;8.39;6.11;10.16;8.08;7.91;3.54;6.19;263.28;261.46;28.62;28.33;32.18
Ba137;37.53;38.82;36.99;449.92;29.73;25.46;31.89;37.62;36.54;38.61;439.54;10.18;15.55;15.22;25.26;16.98;38.16;442.92;13.46;10.19;13.99;17.22;13.39;17.73;37.25;444.53;32.3;30.48;33.39;43.4;37.07;48.21;36.92;436.07;33.17;38.41;33.6;31.23;31.19;177.35;223.69;148.39;16.58;35.99;39.5;443.47;12.08;15.72;14.71;14.86;15.81;7.84;7.88;10.28;11.78;37.75;37.56;440.38;6.65;9.25;15.23;6.71;4.44;6.94;4.7;9.3;4.9;7.46;8.65;445.32;436.03;38.04;37.88;37.94
Ba138;37.25;38.86;38.02;518.4;28.94;26.84;31.92;42.44;40.99;38.7;504.93;13.15;13.27;14.37;16.12;14.31;37.26;510.36;13.96;11.09;16.02;16.5;14.21;15.49;37.36;506.48;31.34;35.69;35.44;38.97;37.63;51.31;37.03;506.51;36.13;40.81;35.5;34.19;34.61;185.22;210.2;148.41;16.2;36.56;37.96;521.67;16.74;13.92;16.53;14.26;17.94;9.79;9.99;7.99;14.69;37;38.22;505.12;9.44;10.43;19.94;5.96;6.32;6.53;6.39;6.51;8.17;10.7;10.21;514.84;507.25;39.01;38.29;37.22
Pb208;38.78;40.73;38.87;518.43;1.96;1.52;2.5;61529.91;62609.43;39.98;499.14;1.49;1.91;1.78;2.09;2.34;38.94;498.38;1.9;1.85;3.03;69.15;2.21;2.98;38.12;502.97;2.31;2.14;2.95;2.64;2.35;9.63;37.25;501.05;2.53;2.11;2.33;1.9;2.76;4.49;13.67;2.91;2.3;37.03;39.76;506.36;1.48;1.36;1.74;2.15;1.94;27718.95;28342.28;25324.36;48167.37;38.58;39.33;513.19;28652.93;31382.94;70046.88;12653.17;11767.38;13103.21;13363.12;13399.51;15011.88;9175.94;8689.35;517.54;507.69;39.15;39.86;39.68
;;;;;;;;;;;;;;;;;;;;;;;;;;;;;;;;;;;;;;;;;;;;;;;;;;;;;;;;;;;;;;;;;;;;;;;;;;
GLITTER!: Trace Element Concentrations; Not filtered for MDL.;;;;;;;;;;;;;;;;;;;;;;;;;;;;;;;;;;;;;;;;;;;;;;;;;;;;;;;;;;;;;;;;;;;;;;;;;
Element;N612-1;N612-2;N612-3;N610-1;Bonn-259B-Notho-1;Bonn-259B-Notho-2;Bonn-259B-Notho-3;3036-Gyro-4;3036-Gyro-5;N612-4;N610-2;2024-60-Acr-6;2024-60-Acr-7;2024-60-Acr-8;2024-60-Acr-9;2024-60-Acr-10;N612-5;N610-3;2024-60-Acr-11;2024-60-Acr-12;2024-60-Acr-13;2024-60-Acr-14;2024-60-Acr-15;2024-60-Acr-16;N612-6;N610-4;Bonn-606-Colo-17;Bonn-606-Colo-18;Bonn-606-Colo-19;Bonn-606-Colo-20;Bonn-606-Colo-21;2024-129-Notho-22;N612-7;N610-5;2024-129-Notho-23;2024-129-Notho-24;2024-129-Notho-25;2024-129-Notho-26;2024-129-Notho-27;177-L45-Saur-28;177-L45-Saur-29;177-L45-Saur-30;2024-34-Acr-31;N612-8;N612-9;N610-6;2024-34-Acr-32;2024-34-Acr-33;2024-34-Acr-34;2024-34-Acr-35;2024-34-Acr-36;3329-Saur-37;3329-Saur-38;3329-Saur-39;3329-Saur-40;N612-10;N612-11;N610-7;3329-Saur-41;3329-Saur-42;3329-Saur-43;3329-L29-Acr-44;3329-L29-Acr-45;3329-L29-Acr-46;3329-L29-Acr-47;3329-L29-Acr-48;3329-L29-Acr-49;3329-L29-Acr-50;3329-L29-Acr-51;N610-8;N610-9;N612-12;N612-13;N612-14
Ca43;85262.51;85262.51;85262.51;81475.91;285880.38;285880.38;285880.38;285880.38;285880.38;85262.52;81475.91;285880.38;285880.41;285880.41;285880.41;285880.41;85262.52;81475.91;285880.38;285880.41;285880.38;285880.41;285880.41;285880.41;85262.52;81475.91;285880.41;285880.41;285880.41;285880.41;285880.41;285880.41;85262.51;81475.91;285880.41;285880.41;285880.41;285880.41;285880.41;285880.41;285880.41;285880.44;285880.41;85262.52;85262.52;81475.92;285880.44;285880.41;285880.41;285880.44;285880.44;285880.41;285880.44;285880.44;285880.41;85262.52;85262.53;81475.92;285880.44;285880.44;285880.44;285880.44;285880.44;285880.44;285880.44;285880.44;285880.44;285880.44;285880.44;81475.92;81475.92;85262.53;85262.53;85262.53
Ca44;75415.93;84495.38;88826.3;82612.47;203331.81;207448.23;226370.92;178191.19;195131.55;96624.61;83132.48;234543.56;220735.66;220875.61;226650.92;221967.95;92994.23;81516.22;219735.78;215050.06;223430.16;214584.3;217956.17;226380.41;86637.48;77728;219136.39;238941.38;244436.72;226717.81;224112.61;216997.81;82882.35;75656.74;213002.77;219518.95;211899.64;207010.97;217048.3;213761.8;198085.3;202673.56;208497.64;88840.78;82930.13;78059.83;204153.55;208819.42;215974.86;207496.41;221410.84;172539.61;169332.72;165834.92;173196.97;86604.3;87307.19;70806.48;169696.17;170628.5;188251.5;170042.73;169038.08;167999.05;170392.44;162898.83;165820.39;188919.56;179860.25;74125.85;70924.68;86527.52;82065.55;81826.59
Cr52;40.69;39.71;38.79;461.76;3.7;1.82;3.16;3.92;1.89;40.59;447.06;4.6;-0.27;-0.44;-0.41;1.92;39.53;470.59;3.72;1.48;0.18;-0.44;1.47;-0.68;40.14;451.7;1.33;0.95;0.59;<-1.00;2.25;5.64;40.13;442.53;3.45;5.33;1.97;1.3;0.3;<-1.00;3.4;15.38;1.82;39.14;40.12;459.57;2.65;1.25;1.8;<-1.00;1.21;3.82;5.16;5.94;6.05;38.92;40.41;472.75;4.02;4.17;6.2;3.29;6.34;5.14;1.26;<-1.00;0.97;1.29;0.69;476.57;467.8;40.39;40.12;39.6
Ni60;40.03;36.73;39.25;466.71;<-1.00;<-1.00;<-1.00;8.78;4.92;35.86;451.19;3.57;<-1.00;5.43;-0.39;-0.25;40.68;456.18;6.32;<-1.00;1.73;302.19;<-1.00;<-1.00;38.37;447.56;18.33;<-1.00;-0.99;<-1.00;0.95;0.29;36.84;447.31;3.03;13.27;2.13;<-1.00;8.1;70.46;10.59;<-1.00;<-1.00;36.47;39.55;449.77;<-1.00;5.72;<-1.00;20.02;<-1.00;<-1.00;21.86;2.42;11.39;37.18;39.11;448.61;14.93;<-1.00;80.35;<-1.00;5.78;0.99;<-1.00;9.04;2;<-1.00;7.6;455.75;444.69;38.78;38.23;40.13
Cu63;36.84;37.74;36.96;493.16;2.32;1.44;7.35;102.69;82.14;37.44;480.76;2.09;0.95;1.88;2.16;0.98;36.81;467.35;1.13;0.91;19.31;<-1.00;1.35;0.1;36.2;472.79;2.52;2.66;1.85;1.01;1.91;2.85;34.55;480.36;2.02;4.91;1.19;2.26;2.98;2.59;14.67;6.63;0.78;35.95;36.2;491.61;2.25;0.26;0.48;0.31;1.72;35.4;35.21;40.28;42.72;35.64;37.06;453.15;26.95;23.02;59.83;12.71;24.22;75.41;25.67;23.22;29.31;7.64;9.09;454.4;447.25;37.31;37.02;38.26
Zn66;39.42;38.08;37.12;476.89;44.93;51.31;47.5;518.72;373.88;41.19;462.65;34.82;40.96;39.57;34.47;33.28;36.87;459.73;40.47;26.08;49.6;50.95;34.84;57.61;35.98;460.85;38.84;43.33;58.57;40.46;40.46;29.23;36.54;462.91;35.21;31.07;27.35;18.43;32.41;93.73;44.41;3.55;32.16;35.11;38.31;453.75;22.39;26.26;86.45;26.68;36.09;544.18;535.81;444.28;643.49;36.48;38.4;449.68;515.49;514.74;817.98;160.54;183.96;166.29;196.45;176.15;167.32;192.24;182.27;457.9;445.64;39.04;39.06;39.24
As75;37.16;40.73;37.07;319.48;10.5;4.85;22.88;167.22;175.13;37.59;281.75;3.63;4.91;6.63;8.93;14.01;36.04;357.76;3.15;4.62;56.78;<-1.00;13.07;10.02;32.27;304.27;30.52;15.91;12.35;4.62;19.35;34.02;37.64;274.46;30.9;19.38;8.58;10.74;16.91;116.71;<-1.00;69.91;<-1.00;37.77;41.29;293.78;15.01;2.9;<-1.00;2.63;<-1.00;140.43;113.53;133.51;221.73;36.74;36.39;358.28;118.84;126.17;275.36;34.29;<-1.00;-0.67;23.5;4.31;6.26;12.1;<-1.00;363.45;366.85;41.49;34.68;36.44
Sr87;74.77;79.44;76.99;865.4;1904.39;1789.4;2103.63;344.76;349.74;78.21;851.13;1303.39;1337.08;1387.5;1422.58;1328.08;75.18;853.68;1325.66;1206.23;1419.37;1328.85;1208.95;1429.96;74.84;848.83;2269.22;2314.51;2395.96;2494.2;2481.27;2503.92;74.1;843.69;1637.79;1572.74;1758.45;1820.32;1765.31;1264.07;788.67;1333.25;1174.35;74.6;76.71;863.36;1328.58;1262.18;1201.54;1190.91;1206.64;320.93;337.38;315.04;306.27;74.61;75.43;844.22;350.07;342.36;241.29;726;801.73;773.83;767.2;739.91;738.73;693.48;676.15;851.72;844.99;76.72;75.87;79.84
Sr88;75.42;77.71;76.77;569.6;5749.98;5379.53;6767.8;923.07;951.45;78;557.96;3771.45;3736.9;4119.58;4210.41;4056.3;75.71;563.54;3774.49;3473.66;4077.21;3846.94;3662;4044.58;74.89;565.9;7286.93;8086.61;8685.45;9752.91;10168.8;7717.93;75.26;548.2;5042.73;4948.84;4919.63;4954.33;5319.37;3365.77;2077.45;3503.33;3376.11;73.98;76.69;562.03;3845.9;3694.07;3570.35;3408.64;3529.79;865.02;909.45;868.82;826.33;74.34;76.36;565.85;889.18;927.76;657.23;2026.93;2200.62;2169.89;2097.41;1967.6;1959.92;2010.15;1987.11;566.44;559.38;76.99;77.47;77.04
Cd111;28.93;29.87;29.77;273.84;5.04;7.24;3.59;8.91;9.61;29.46;259.87;5.07;4.16;2.43;3.19;3.44;27.14;261.97;4.82;2.96;3.64;4.33;5.07;4.13;25.67;256.54;4.39;5.13;3.92;8.27;8.48;5.91;26.03;240.78;2.9;3.76;6.12;7.15;3.91;5.64;2.05;0;3.11;27.85;27.55;263.66;4.11;3.55;2.02;3.03;4.01;33.69;43.38;39.31;44.85;25.8;30.02;263.26;38.39;37.93;80;6.31;8.39;6.11;10.16;8.08;7.91;3.54;6.19;263.28;261.46;28.62;28.33;32.18
Ba137;37.53;38.82;36.99;449.92;29.73;25.46;31.89;37.62;36.54;38.61;439.54;10.18;15.55;15.22;25.26;16.98;38.16;442.92;13.46;10.19;13.99;17.22;13.39;17.73;37.25;444.53;32.3;30.48;33.39;43.4;37.07;48.21;36.92;436.07;33.17;38.41;33.6;31.23;31.19;177.35;223.69;148.39;16.58;35.99;39.5;443.47;12.08;15.72;14.71;14.86;15.81;7.84;7.88;10.28;11.78;37.75;37.56;440.38;6.65;9.25;15.23;6.71;4.44;6.94;4.7;9.3;4.9;7.46;8.65;445.32;436.03;38.04;37.88;37.94
Ba138;37.25;38.86;38.02;518.4;28.94;26.84;31.92;42.44;40.99;38.7;504.93;13.15;13.27;14.37;16.12;14.31;37.26;510.36;13.96;11.09;16.02;16.5;14.21;15.49;37.36;506.48;31.34;35.69;35.44;38.97;37.63;51.31;37.03;506.51;36.13;40.81;35.5;34.19;34.61;185.22;210.2;148.41;16.2;36.56;37.96;521.67;16.74;13.92;16.53;14.26;17.94;9.79;9.99;7.99;14.69;37;38.22;505.12;9.44;10.43;19.94;5.96;6.32;6.53;6.39;6.51;8.17;10.7;10.21;514.84;507.25;39.01;38.29;37.22
Pb208;38.78;40.73;38.87;518.43;1.96;1.52;2.5;61529.91;62609.43;39.98;499.14;1.49;1.91;1.78;2.09;2.34;38.94;498.38;1.9;1.85;3.03;69.15;2.21;2.98;38.12;502.97;2.31;2.14;2.95;2.64;2.35;9.63;37.25;501.05;2.53;2.11;2.33;1.9;2.76;4.49;13.67;2.91;2.3;37.03;39.76;506.36;1.48;1.36;1.74;2.15;1.94;27718.95;28342.28;25324.36;48167.37;38.58;39.33;513.19;28652.93;31382.94;70046.88;12653.17;11767.38;13103.21;13363.12;13399.51;15011.88;9175.94;8689.35;517.54;507.69;39.15;39.86;39.68
;;;;;;;;;;;;;;;;;;;;;;;;;;;;;;;;;;;;;;;;;;;;;;;;;;;;;;;;;;;;;;;;;;;;;;;;;;
GLITTER!: 1 sigma error.;;;;;;;;;;;;;;;;;;;;;;;;;;;;;;;;;;;;;;;;;;;;;;;;;;;;;;;;;;;;;;;;;;;;;;;;;;
Element;N612-1;N612-2;N612-3;N610-1;Bonn-259B-Notho-1;Bonn-259B-Notho-2;Bonn-259B-Notho-3;3036-Gyro-4;3036-Gyro-5;N612-4;N610-2;2024-60-Acr-6;2024-60-Acr-7;2024-60-Acr-8;2024-60-Acr-9;2024-60-Acr-10;N612-5;N610-3;2024-60-Acr-11;2024-60-Acr-12;2024-60-Acr-13;2024-60-Acr-14;2024-60-Acr-15;2024-60-Acr-16;N612-6;N610-4;Bonn-606-Colo-17;Bonn-606-Colo-18;Bonn-606-Colo-19;Bonn-606-Colo-20;Bonn-606-Colo-21;2024-129-Notho-22;N612-7;N610-5;2024-129-Notho-23;2024-129-Notho-24;2024-129-Notho-25;2024-129-Notho-26;2024-129-Notho-27;177-L45-Saur-28;177-L45-Saur-29;177-L45-Saur-30;2024-34-Acr-31;N612-8;N612-9;N610-6;2024-34-Acr-32;2024-34-Acr-33;2024-34-Acr-34;2024-34-Acr-35;2024-34-Acr-36;3329-Saur-37;3329-Saur-38;3329-Saur-39;3329-Saur-40;N612-10;N612-11;N610-7;3329-Saur-41;3329-Saur-42;3329-Saur-43;3329-L29-Acr-44;3329-L29-Acr-45;3329-L29-Acr-46;3329-L29-Acr-47;3329-L29-Acr-48;3329-L29-Acr-49;3329-L29-Acr-50;3329-L29-Acr-51;N610-8;N610-9;N612-12;N612-13;N612-14
Ca43;2745.44;2772.73;2753.76;2646.07;9562.66;9504.79;10131.6;9421.5;9428.05;2759.92;2649.54;9452.6;9446.63;9475.02;9457.71;9415.54;2762.14;2653.37;9465.06;9461.94;9463.94;9505.29;9433.37;9456.7;2769.14;2655.83;9688.38;9500.12;9436.37;9453.39;9497.51;9580.08;2771.79;2650.37;9542.69;9546.37;9523.89;9532.67;9526.65;12909.17;11677.28;12775.24;9581.5;2770.11;2776.21;2656.32;9593.08;9497.62;9514.34;9497.04;9522.61;9542.12;9524.85;9486.41;9600.26;2770.23;2764.17;2655.09;9578.46;9532.87;9648.96;9494.21;9623.06;9562.44;9637.04;9775.61;9855.48;9436.69;9412.32;2651.08;2656.72;2768.44;2774.85;2772.84
Ca44;7882.71;8837.26;9292.93;8655.02;21370.73;21841.96;23980.08;18859.31;20725.32;10293.49;8897.34;25245.08;23883.42;24037.49;24813.04;24451.5;10305.55;9100.25;24732.88;24393.27;25548.44;24746.58;25343.25;26558.48;10248.68;9281.73;26458.52;29105.52;30060.66;28163.13;28127.3;27523.75;10610.52;9787.79;27874.02;29034.57;28326.82;27974.37;29649.75;29922.07;27877.07;28971.68;29761.18;12810.05;12091.11;11507.68;30454.13;31486.58;32927.17;31982.72;34505.8;27187.55;26973.77;26703.17;28200.69;14243.78;14514.43;11899.65;28842.59;29308.42;32687.26;29829.09;29973.35;30097.88;30849.6;29807.31;30659.43;35260.12;33910.56;14114.58;13641.74;16808.64;16101.34;16213.33
Cr52;1.66;1.64;1.59;18.56;1.2;1.08;1.47;0.96;0.94;1.68;18.18;1.03;0.97;0.97;0.94;0.92;1.67;19.53;1.02;0.95;1;1.06;0.91;0.92;1.76;19.4;1.15;0.93;0.86;0.88;0.89;1.18;1.83;19.82;1.02;1.09;0.97;1.01;0.98;6.05;4.12;6.24;1.1;1.91;1.97;22.25;1.16;0.94;0.98;0.94;0.95;1.12;1.06;0.99;1.26;2.06;2.15;24.97;1.07;1.08;1.23;1.02;1.18;1.09;1.14;1.41;1.5;0.8;0.76;27.59;27.3;2.41;2.41;2.4
Ni60;2.82;2.7;2.81;31.86;5.1;4.69;6.25;4.33;4.24;2.66;31.56;4.57;4.56;4.59;4.38;4.22;3.1;33.36;4.81;4.62;4.93;23.87;4.55;4.5;3.15;35.06;6.23;4.88;4.6;4.64;4.52;5.99;3.27;38.02;5.39;5.64;5.2;5.41;5.48;34.35;22.45;33.86;6.31;3.62;3.97;43.72;6.78;5.52;5.51;5.87;5.63;6.24;6.08;5.18;6.81;4.19;4.43;49.96;6.28;5.85;11.63;5.5;6.37;5.96;6.54;8.04;8.66;4.57;4.56;57.86;57.07;5.15;5.15;5.44
Cu63;1.86;1.92;1.87;24.56;0.54;0.47;0.97;5.41;4.39;1.93;24.38;0.42;0.4;0.44;0.42;0.41;1.95;24.48;0.39;0.38;1.31;1.1;0.42;0.38;2.02;26.07;0.54;0.46;0.44;0.41;0.46;0.59;2.05;28.19;0.48;0.64;0.45;0.5;0.53;2.69;2.48;2.69;0.46;2.34;2.38;32.15;0.54;0.42;0.44;0.44;0.45;2.72;2.72;3.07;3.34;2.6;2.72;33.26;2.26;1.99;4.81;1.22;2.16;6.11;2.3;2.2;2.74;0.82;0.93;37.44;37.22;3.16;3.17;3.3
Zn66;3.25;3.24;3.1;37.86;5.33;5.72;7.12;42.57;31.12;3.51;37.6;4.37;4.81;4.8;4.37;4.32;3.29;38.88;4.84;3.88;5.73;5.92;4.5;6.42;3.4;41.45;5.76;5.5;6.66;5.15;5.26;4.69;3.69;44.8;5;4.7;4.43;3.85;4.82;21.16;12.93;16.39;5.28;3.93;4.33;49.71;4.85;4.42;10.98;4.58;5.58;64.47;64.13;53.83;78.62;4.6;4.86;56.03;65.85;66.35;106.25;21.75;25.32;23.11;27.49;25.33;24.54;27.33;26.17;64.77;63.71;5.76;5.83;5.91
As75;4.36;4.83;4.37;37.01;4.69;4.31;6.36;20.28;21.31;4.54;33.44;3.83;3.95;3.97;3.98;4.02;4.52;44.12;4.12;3.92;8.67;4.79;4.38;4.1;4.34;39.85;6.96;4.91;4.44;4.32;5.07;7.22;5.36;38.62;6.39;5.62;4.9;5.02;5.63;33.91;18.82;30.6;5.63;5.97;6.58;46.63;6.21;4.89;5.38;4.81;4.9;24.74;20.43;23.84;39.56;6.58;6.57;64.53;22.69;24.16;51.95;8.16;5.48;5.62;7.52;6.99;7.95;4.9;3.95;74.25;75.73;8.73;7.4;7.84
Sr87;3.54;3.8;3.66;40.6;90.55;85.1;102.62;16.77;17.07;3.79;40.69;63.12;64.98;67.79;69.76;65.36;3.76;42.17;66.42;60.82;71.93;67.9;62.04;73.86;3.94;44.15;120.3;122.91;127.96;134.3;134.85;137.47;4.14;46.74;92.29;89.41;100.72;105.2;102.93;81.53;50.59;86.95;71.27;4.59;4.77;53.39;83.67;80.08;77.02;77.05;78.87;21.51;22.79;21.47;21.2;5.15;5.25;58.72;25.09;24.73;17.83;52.95;59.2;57.63;57.8;56.48;57.05;53.58;52.73;66.7;66.84;6.18;6.17;6.55
Sr88;2.99;3.1;3.05;22.59;230.55;215.55;278.05;37.09;38.31;3.14;22.43;152.82;151.82;168.04;172.19;166.22;3.11;23.19;156.74;144.85;170.75;162.08;154.65;171.76;3.2;24.18;316.6;351.15;378.54;427.76;449.27;343.95;3.37;24.55;228.83;226.08;226.11;229.31;247.87;174.38;104.64;182.93;162.17;3.57;3.73;27.43;190.39;183.85;179.15;172.32;179.96;44.56;47.2;45.41;43.67;3.94;4.08;30.41;48.52;50.98;36.55;113.03;124.07;123.21;120.28;114.1;114.79;117.79;117.38;33.68;33.56;4.67;4.74;4.75
Cd111;2.88;3.05;3;26.52;1.45;1.53;1.61;1.62;1.7;3.1;26.29;1.26;1.02;0.99;1;0.93;3.04;28.22;1.19;0.96;1.33;1.29;1.23;1.15;3.15;30.26;1.49;1.3;1.1;1.75;1.96;1.72;3.51;31.53;1.17;1.16;1.55;1.74;1.25;3.64;2.07;<0.00;1.23;4.34;4.36;41.01;1.42;1.14;0.98;1.04;1.32;6.63;8.3;7.63;8.87;4.77;5.6;48.93;8.11;8.03;16.49;1.89;2.45;1.9;3.01;2.59;2.74;1.32;1.86;58.45;58.91;6.64;6.68;7.68
Ba137;1.77;1.86;1.76;20.83;1.84;1.59;2.37;2.1;2.06;1.86;20.65;0.87;1.09;1.08;1.57;1.14;1.89;21.41;1.01;0.84;1.07;1.23;0.99;1.23;1.93;22.51;2.18;1.95;2.06;2.6;2.32;2.98;2.02;23.38;2.19;2.49;2.23;2.11;2.12;12.79;14.94;11.17;1.34;2.15;2.37;26.26;1.13;1.28;1.22;1.25;1.32;0.86;0.82;0.96;1.13;2.49;2.49;28.99;0.78;0.98;1.41;0.77;0.68;0.82;0.7;1.15;0.84;0.8;0.86;32.6;32.21;2.87;2.89;2.92
Ba138;1.62;1.7;1.66;22.54;1.35;1.25;1.6;1.92;1.86;1.71;22.27;0.65;0.66;0.71;0.79;0.71;1.69;23.12;0.7;0.58;0.81;0.84;0.72;0.79;1.76;23.96;1.6;1.78;1.77;1.95;1.91;2.61;1.84;25.28;1.89;2.15;1.88;1.83;1.87;10.87;11.94;8.86;0.95;1.98;2.07;28.63;1;0.84;1;0.87;1.09;0.63;0.65;0.54;0.94;2.22;2.31;30.71;0.65;0.71;1.32;0.44;0.48;0.49;0.49;0.52;0.64;0.76;0.73;34.73;34.53;2.68;2.66;2.61
Pb208;1.93;2.04;1.94;25.86;0.15;0.12;0.23;3104.91;3169.43;2.03;25.38;0.12;0.14;0.14;0.15;0.16;2.04;26.23;0.15;0.14;0.21;3.8;0.16;0.21;2.11;27.95;0.19;0.17;0.21;0.19;0.18;0.62;2.2;29.74;0.2;0.18;0.19;0.16;0.22;0.52;1.11;0.42;0.2;2.42;2.63;33.67;0.14;0.13;0.16;0.19;0.18;1961.4;2025.26;1827.04;3514.48;2.84;2.92;38.48;2175.68;2405.89;5430.18;989.32;930.45;1045.87;1078.03;1093.13;1237.72;761.31;727.97;43.75;43.35;3.38;3.48;3.49
;;;;;;;;;;;;;;;;;;;;;;;;;;;;;;;;;;;;;;;;;;;;;;;;;;;;;;;;;;;;;;;;;;;;;;;;;;
GLITTER!: Minimum detection limits (99% confidence).;;;;;;;;;;;;;;;;;;;;;;;;;;;;;;;;;;;;;;;;;;;;;;;;;;;;;;;;;;;;;;;;;;;;;;;;;;
Element;N612-1;N612-2;N612-3;N610-1;Bonn-259B-Notho-1;Bonn-259B-Notho-2;Bonn-259B-Notho-3;3036-Gyro-4;3036-Gyro-5;N612-4;N610-2;2024-60-Acr-6;2024-60-Acr-7;2024-60-Acr-8;2024-60-Acr-9;2024-60-Acr-10;N612-5;N610-3;2024-60-Acr-11;2024-60-Acr-12;2024-60-Acr-13;2024-60-Acr-14;2024-60-Acr-15;2024-60-Acr-16;N612-6;N610-4;Bonn-606-Colo-17;Bonn-606-Colo-18;Bonn-606-Colo-19;Bonn-606-Colo-20;Bonn-606-Colo-21;2024-129-Notho-22;N612-7;N610-5;2024-129-Notho-23;2024-129-Notho-24;2024-129-Notho-25;2024-129-Notho-26;2024-129-Notho-27;177-L45-Saur-28;177-L45-Saur-29;177-L45-Saur-30;2024-34-Acr-31;N612-8;N612-9;N610-6;2024-34-Acr-32;2024-34-Acr-33;2024-34-Acr-34;2024-34-Acr-35;2024-34-Acr-36;3329-Saur-37;3329-Saur-38;3329-Saur-39;3329-Saur-40;N612-10;N612-11;N610-7;3329-Saur-41;3329-Saur-42;3329-Saur-43;3329-L29-Acr-44;3329-L29-Acr-45;3329-L29-Acr-46;3329-L29-Acr-47;3329-L29-Acr-48;3329-L29-Acr-49;3329-L29-Acr-50;3329-L29-Acr-51;N610-8;N610-9;N612-12;N612-13;N612-14
Ca43;183.96;246.61;208.93;218.82;1560.36;1410.87;1269.8;1250.75;1278.81;206.99;225.28;1275.72;1349.08;1272.84;1231.08;1162.54;195.44;230.07;1299.27;1255.61;1313.38;1468.63;1194.84;1207.31;198.9;233.18;1400.04;1251.46;1184.46;1228.54;1098.06;1512.42;211.47;235.09;1306.4;1383.31;1346.72;1320.77;1300.4;8786.02;5239.97;8320.09;1618.13;199.87;217.86;231.7;1629.29;1400.01;1351.36;1387.02;1249.11;1567.2;1348.57;1268.44;1628.15;196.23;204.85;232.45;1387.03;1407.01;1502.59;1342.27;1418.18;1426.92;1519.04;1859.03;1929.43;1042.87;1015.37;232.96;236.6;197.86;215.94;202.26
Ca44;48.41;70.64;56.37;65.57;477.53;431.91;396.43;393.45;394.25;64.33;68.28;395.59;421.51;414;405.68;394.11;65.19;71.02;415.24;413.82;455.46;490;416.88;407.97;69.56;73.67;475.86;436.89;421.68;430.73;398.82;523.61;73.58;74.2;426.27;472.22;473.51;478.61;486.78;3045.28;1873.02;3076.58;571.49;72.12;67.14;76.35;561.58;492.5;493.57;496.55;476.98;557.27;488.54;456.73;595.11;74.34;65.43;80.45;477.27;512.29;522.38;479.94;511.83;510.92;541.98;672.3;708.18;378.52;366.22;82.88;73.87;66.68;69.73;67.67
Cr52;0.294;0.374;0.304;0.346;2.3;2.12;1.95;1.88;1.89;0.299;0.337;1.98;2.02;1.95;1.91;1.84;0.298;0.342;1.99;1.89;2.07;2.21;1.85;1.87;0.3;0.34;2.09;1.83;1.75;1.82;1.64;2.2;0.305;0.333;1.9;2.01;1.9;1.98;1.97;12.51;7.64;12.34;2.23;0.281;0.296;0.325;2.33;1.93;1.95;1.99;1.87;2.25;1.97;1.77;2.4;0.298;0.296;0.344;1.99;2.09;2.15;2.02;2.05;2.01;2.23;2.84;2.92;1.57;1.52;0.343;0.337;0.29;0.313;0.294
Ni60;1.02;1.56;1.31;1.39;10.17;9.49;8.75;8.72;8.64;1.42;1.58;9.24;9.47;9.07;8.82;8.7;1.45;1.73;9.76;9.4;10.21;10.91;9.39;9.09;1.54;1.8;10.9;9.77;9.43;9.49;8.61;12.03;1.66;1.84;10.58;10.83;10.43;10.8;10.8;68.17;41.92;69.54;13.05;1.62;1.78;1.92;14.06;11.33;11.27;11.15;11.15;13.08;11.12;10.53;13.78;1.72;1.75;2.03;11.87;12.14;12.53;11.46;12.33;12.08;12.96;15.78;16.95;9.15;8.93;1.99;2.11;1.78;1.92;1.86
Cu63;0.103;0.128;0.113;0.113;0.887;0.844;0.719;0.704;0.696;0.12;0.105;0.668;0.749;0.736;0.666;0.784;0.115;0.12;0.716;0.691;0.768;2.36;0.753;0.752;0.109;0.121;0.753;0.669;0.747;0.765;0.717;0.942;0.136;0.122;0.764;0.811;0.807;0.793;0.786;5.32;3.25;4.92;0.889;0.12;0.115;0.128;0.912;0.844;0.863;0.893;0.72;0.984;0.838;0.78;1.05;0.117;0.11;0.127;0.785;0.963;0.806;0.816;0.887;0.808;0.825;1.06;1.16;0.607;0.595;0.138;0.13;0.117;0.118;0.119
Zn66;0.656;0.918;0.715;0.794;4.72;4.77;4.77;4.9;4.67;0.716;0.819;4.42;4.44;4.4;4.27;4.79;0.849;0.788;4.07;4.59;4.73;4.67;4.5;4.3;0.76;0.686;5.61;4.67;4.43;4.47;4.14;5.39;0.76;0.747;4.43;4.69;4.99;5.35;4.57;30.91;18.54;33.27;5.99;0.675;0.743;0.873;7.14;4.83;5.19;5.14;4.73;5.75;4.98;4.77;6.22;0.779;0.696;0.787;4.47;4.96;6.33;4.52;5.26;5.25;5.16;6.67;6.98;3.67;3.71;0.973;0.728;0.718;0.646;0.622
As75;0.935;1.3;1.07;1.16;8.69;8.43;7.09;7.02;7.39;1.18;1.24;7.65;7.94;7.57;7.45;7.08;1.19;1.34;8.35;7.71;8.72;9.98;7.98;7.52;1.67;1.43;9.53;8.35;8.08;8.58;7.68;10.06;1.42;1.4;8.2;9.19;9.28;9.19;9.69;56.03;35.51;56.62;11.68;1.38;1.25;1.5;11.49;10.04;10.4;9.86;9.85;11.49;10.37;9.28;12.26;1.51;1.42;1.56;10.72;10.85;10.83;9.46;10.77;11.43;11.19;13.73;15.22;8.2;7.97;1.72;1.72;1.47;1.52;1.5
Sr87;0.0982;0.138;0.114;0.103;0.935;0.74;0.726;0.711;0.822;0.136;0.122;0.654;0.835;0.72;0.621;0.706;0.121;0.146;0.953;0.67;0.882;1.89;0.822;0.552;0.145;0.157;0.867;0.851;0.763;0.806;0.791;0.947;0.123;0.139;0.88;0.848;0.99;0.972;0.891;6.4;2.91;4.83;1.01;0.128;0.16;0.17;1.08;0.839;0.898;0.795;0.826;0.978;0.713;0.715;1.05;0.12;0.112;0.177;0.856;0.851;1.05;0.808;1.05;1.08;1.04;1.01;1.23;0.641;0.665;0.131;0.193;0.135;0.143;0.169
Sr88;0.0632;0.0834;0.0671;0.0776;0.518;0.499;0.444;0.432;0.427;0.071;0.0821;0.453;0.476;0.467;0.436;0.453;0.0684;0.0841;0.507;0.454;0.503;0.502;0.461;0.449;0.0754;0.0869;0.534;0.464;0.457;0.468;0.446;0.592;0.0816;0.09;0.513;0.528;0.547;0.503;0.526;3.31;2.12;3.31;0.621;0.0725;0.0844;0.0878;0.597;0.53;0.529;0.54;0.568;0.571;0.593;0.496;0.646;0.0787;0.0824;0.0965;0.577;0.555;0.57;0.561;0.56;0.579;0.58;0.738;0.753;0.392;0.415;0.0977;0.0995;0.0818;0.0904;0.0853
Cd111;0.0897;0.129;0.0888;0.1;1.51;0.809;0.849;0.735;0.609;<0.00000;0.111;1;<0.00000;1.2;0.889;0.432;<0.00000;<0.00000;0.489;0.806;1.83;1.24;0.659;0.798;<0.00000;<0.00000;1.13;<0.00000;0.672;0.689;1.35;1.6;0.121;<0.00000;1.23;<0.00000;<0.00000;<0.00000;0.812;3.62;2.22;<0.00000;1.19;0.124;0.163;0.144;1.05;<0.00000;1.05;<0.00000;0.593;2.34;1.08;0.831;<0.00000;0.167;0.098;<0.00000;1.17;0.698;<0.00000;0.936;<0.00000;<0.00000;1.69;<0.00000;1.4;0.928;0.523;0.116;0.242;<0.00000;<0.00000;0.108
Ba137;0.102;0.127;0.0998;0.125;0.776;0.705;0.524;0.686;0.733;0.0974;0.121;0.842;0.688;0.578;0.646;0.577;0.107;0.141;0.664;0.592;0.814;0.686;0.615;0.622;0.102;0.12;0.721;0.692;0.667;0.582;0.627;0.795;0.103;0.121;0.714;0.746;0.812;0.682;0.758;4.47;2.88;4.75;0.732;0.117;0.103;0.122;0.871;0.699;0.619;0.781;0.678;0.844;0.61;0.603;0.786;0.0803;0.103;0.132;0.646;0.857;0.659;0.701;0.747;0.698;0.721;1.1;0.946;0.605;0.515;0.12;0.109;0.105;0.144;0.118
Ba138;0.0353;0.0484;0.0393;0.0411;0.313;0.285;0.252;0.25;0.258;0.0388;0.0423;0.255;0.261;0.256;0.243;0.231;0.0377;0.0459;0.24;0.265;0.274;0.274;0.236;0.243;0.0394;0.0436;0.283;0.22;0.241;0.238;0.214;0.323;0.0416;0.0421;0.244;0.294;0.246;0.257;0.264;1.83;1.01;1.63;0.316;0.0365;0.043;0.0413;0.327;0.288;0.286;0.269;0.277;0.285;0.264;0.318;0.298;0.0368;0.0404;0.0443;0.269;0.255;0.288;0.27;0.285;0.29;0.294;0.345;0.367;0.207;0.188;0.0417;0.0465;0.0441;0.0431;0.0377
Pb208;0.00229;0.0038;<0.00000;<0.00000;0.0179;<0.00000;0.0151;<0.00000;0.143;0.0228;0.0151;0.0817;0.0773;0.0598;0.0512;0.0462;0.00947;0.011;0.0503;0.0463;0.0346;0.0548;0.0274;0.0493;0.00497;0.00714;0.0612;0.0392;0.0403;0.028;0.0298;0.0344;0.00398;0.00435;0.0358;0.0415;0.0447;0.0182;0.0346;0.201;0.0869;0.33;0.0154;0.00437;0.00211;0.0068;0.0327;0.0192;0.0402;0.0192;0.026;0.0486;0.114;0.124;0.162;0.0234;0.0131;0.0102;0.0827;0.124;0.156;0.16;0.174;0.162;0.159;0.168;0.159;0.0934;0.0934;0.0186;0.0151;0.012;0.0108;0.0115
;;;;;;;;;;;;;;;;;;;;;;;;;;;;;;;;;;;;;;;;;;;;;;;;;;;;;;;;;;;;;;;;;;;;;;;;;;
GLITTER!: Trace element concentrations normalised to chondrite.;;;;;;;;;;;;;;;;;;;;;;;;;;;;;;;;;;;;;;;;;;;;;;;;;;;;;;;;;;;;;;;;;;;;;;;;;;
Element;N612-1;N612-2;N612-3;N610-1;Bonn-259B-Notho-1;Bonn-259B-Notho-2;Bonn-259B-Notho-3;3036-Gyro-4;3036-Gyro-5;N612-4;N610-2;2024-60-Acr-6;2024-60-Acr-7;2024-60-Acr-8;2024-60-Acr-9;2024-60-Acr-10;N612-5;N610-3;2024-60-Acr-11;2024-60-Acr-12;2024-60-Acr-13;2024-60-Acr-14;2024-60-Acr-15;2024-60-Acr-16;N612-6;N610-4;Bonn-606-Colo-17;Bonn-606-Colo-18;Bonn-606-Colo-19;Bonn-606-Colo-20;Bonn-606-Colo-21;2024-129-Notho-22;N612-7;N610-5;2024-129-Notho-23;2024-129-Notho-24;2024-129-Notho-25;2024-129-Notho-26;2024-129-Notho-27;177-L45-Saur-28;177-L45-Saur-29;177-L45-Saur-30;2024-34-Acr-31;N612-8;N612-9;N610-6;2024-34-Acr-32;2024-34-Acr-33;2024-34-Acr-34;2024-34-Acr-35;2024-34-Acr-36;3329-Saur-37;3329-Saur-38;3329-Saur-39;3329-Saur-40;N612-10;N612-11;N610-7;3329-Saur-41;3329-Saur-42;3329-Saur-43;3329-L29-Acr-44;3329-L29-Acr-45;3329-L29-Acr-46;3329-L29-Acr-47;3329-L29-Acr-48;3329-L29-Acr-49;3329-L29-Acr-50;3329-L29-Acr-51;N610-8;N610-9;N612-12;N612-13;N612-14
Ca43;6.32;6.32;6.32;6.04;21.18;21.18;21.18;21.18;21.18;6.32;6.04;21.18;21.18;21.18;21.18;21.18;6.32;6.04;21.18;21.18;21.18;21.18;21.18;21.18;6.32;6.04;21.18;21.18;21.18;21.18;21.18;21.18;6.32;6.04;21.18;21.18;21.18;21.18;21.18;21.18;21.18;21.18;21.18;6.32;6.32;6.04;21.18;21.18;21.18;21.18;21.18;21.18;21.18;21.18;21.18;6.32;6.32;6.04;21.18;21.18;21.18;21.18;21.18;21.18;21.18;21.18;21.18;21.18;21.18;6.04;6.04;6.32;6.32;6.32
Ca44;5.59;6.26;6.58;6.12;15.06;15.37;16.77;13.2;14.45;7.16;6.16;17.37;16.35;16.36;16.79;16.44;6.89;6.04;16.28;15.93;16.55;15.9;16.14;16.77;6.42;5.76;16.23;17.7;18.11;16.79;16.6;16.07;6.14;5.6;15.78;16.26;15.7;15.33;16.08;15.83;14.67;15.01;15.44;6.58;6.14;5.78;15.12;15.47;16;15.37;16.4;12.78;12.54;12.28;12.83;6.42;6.47;5.24;12.57;12.64;13.94;12.6;12.52;12.44;12.62;12.07;12.28;13.99;13.32;5.49;5.25;6.41;6.08;6.06
Cr52;0.01024;0.00999;0.00976;0.1162;0.00093;0;0.00079;0.00099;0.00048;0.01021;0.1125;0.00116;0;0;0;0.00048;0.00994;0.1184;0.00094;0;0;0;0;0;0.0101;0.1136;0;0;0;0;0.00057;0.00142;0.01009;0.1113;0.00087;0.00134;0.00049;0;0;0;0;0.0039;0;0.00985;0.01009;0.1156;0.00067;0;0;0;0;0.00096;0.0013;0.00149;0.00152;0.00979;0.01017;0.1189;0.00101;0.00105;0.00156;0.00083;0.00159;0.00129;0;0;0;0;0;0.1199;0.1177;0.01016;0.01009;0.00996
Ni60;0.00243;0.00223;0.00238;0.0283;0;0;0;0.00053;0;0.00217;0.0273;0;0;0;0;0;0.00247;0.0276;0;0;0;0.0183;0;0;0.00233;0.0271;0.00111;0;0;0;0;0;0.00223;0.0271;0;0.0008;0;0;0;0.0043;0;0;0;0.00221;0.0024;0.0273;0;0;0;0.00121;0;0;0.00132;0;0;0.00225;0.00237;0.0272;0.0009;0;0.00487;0;0;0;0;0;0;0;0;0.0276;0.027;0.00235;0.00232;0.00243
Cu63;0.219;0.225;0.22;2.94;0.0138;0.0085;0.0438;0.611;0.489;0.223;2.86;0.0125;0.0056;0.0112;0.0128;0.0058;0.219;2.78;0.0067;0.0054;0.115;0;0.0081;0;0.216;2.81;0.015;0.0158;0.011;0.006;0.0114;0.017;0.206;2.86;0.012;0.0292;0.0071;0.0135;0.0177;0;0.087;0.039;0;0.214;0.215;2.93;0.0134;0;0;0;0.0102;0.211;0.21;0.24;0.254;0.212;0.221;2.7;0.16;0.137;0.356;0.0757;0.144;0.449;0.153;0.138;0.174;0.0455;0.0541;2.7;2.66;0.222;0.22;0.228
Zn66;0.0853;0.0824;0.0803;1.032;0.097;0.111;0.103;1.123;0.809;0.0891;1.001;0.0754;0.089;0.086;0.0746;0.072;0.0798;0.995;0.088;0.0564;0.107;0.11;0.0754;0.125;0.0779;0.998;0.084;0.094;0.127;0.088;0.088;0.063;0.0791;1.002;0.076;0.067;0.0592;0.0399;0.07;0.203;0.096;0;0.07;0.076;0.0829;0.98;0.048;0.0568;0.187;0.0578;0.078;1.18;1.16;0.96;1.39;0.079;0.083;0.97;1.12;1.11;1.77;0.347;0.398;0.36;0.425;0.381;0.362;0.416;0.395;0.99;0.96;0.084;0.085;0.085
As75;12.95;14.19;12.92;111.32;3.66;0;7.97;58.26;61.02;13.1;98.17;0;0;0;3.11;4.88;12.56;124.66;0;0;19.78;0;4.55;3.49;11.24;106.02;10.63;5.54;4.3;0;6.74;11.85;13.11;95.63;10.77;6.75;0;3.74;5.89;40.67;0;24.36;0;13.16;14.39;102.36;5.23;0;0;0;0;48.93;39.56;46.52;77.26;12.8;12.68;124.84;41.41;43.96;95.94;11.95;0;0;8.19;0;0;4.22;0;126.64;127.82;14.46;12.08;12.7
Sr87;6.28;6.68;6.47;72.72;160.03;150.37;176.78;28.97;29.39;6.57;71.52;109.53;112.36;116.6;119.54;111.6;6.32;71.74;111.4;101.36;119.27;111.67;101.59;120.16;6.29;71.33;190.69;194.5;201.34;209.6;208.51;210.41;6.23;70.9;137.63;132.16;147.77;152.97;148.35;106.22;66.27;112.04;98.68;6.27;6.45;72.55;111.65;106.07;100.97;100.08;101.4;26.97;28.35;26.47;25.74;6.27;6.34;70.94;29.42;28.77;20.28;61.01;67.37;65.03;64.47;62.18;62.08;58.28;56.82;71.57;71.01;6.45;6.38;6.71
Sr88;6.34;6.53;6.45;47.87;483.19;452.06;568.72;77.57;79.95;6.55;46.89;316.93;314.03;346.18;353.82;340.87;6.36;47.36;317.18;291.9;342.62;323.27;307.73;339.88;6.29;47.55;612.35;679.55;729.87;819.57;854.52;648.57;6.32;46.07;423.76;415.87;413.41;416.33;447.01;282.84;174.58;294.4;283.71;6.22;6.44;47.23;323.18;310.43;300.03;286.44;296.62;72.69;76.42;73.01;69.44;6.25;6.42;47.55;74.72;77.96;55.23;170.33;184.93;182.34;176.25;165.34;164.7;168.92;166.98;47.6;47.01;6.47;6.51;6.47
Cd111;28.64;29.57;29.47;271.12;4.99;7.17;3.55;8.82;9.52;29.17;257.3;5.02;4.12;2.41;3.15;3.41;26.88;259.37;4.77;2.93;3.6;4.28;5.02;4.09;25.41;254;4.34;5.08;3.88;8.19;8.39;5.85;25.78;238.4;2.88;3.73;6.06;7.08;3.87;5.58;0;0;3.08;27.57;27.27;261.05;4.07;3.52;2;3;3.97;33.36;42.95;38.92;44.41;25.54;29.73;260.66;38.01;37.56;79.21;6.25;8.3;6.05;10.06;8;7.83;3.5;6.13;260.67;258.87;28.33;28.05;31.86
Ba137;11.01;11.39;10.85;131.94;8.72;7.47;9.35;11.03;10.72;11.32;128.9;2.99;4.56;4.46;7.41;4.98;11.19;129.89;3.95;2.99;4.1;5.05;3.93;5.2;10.92;130.36;9.47;8.94;9.79;12.73;10.87;14.14;10.83;127.88;9.73;11.27;9.85;9.16;9.15;52.01;65.6;43.52;4.86;10.55;11.58;130.05;3.54;4.61;4.31;4.36;4.64;2.3;2.31;3.01;3.46;11.07;11.01;129.14;1.95;2.71;4.47;1.97;1.3;2.03;1.38;2.73;1.44;2.19;2.54;130.59;127.87;11.15;11.11;11.13
Ba138;10.92;11.39;11.15;152.02;8.49;7.87;9.36;12.45;12.02;11.35;148.07;3.86;3.89;4.22;4.73;4.2;10.93;149.67;4.09;3.25;4.7;4.84;4.17;4.54;10.96;148.53;9.19;10.47;10.39;11.43;11.04;15.05;10.86;148.54;10.59;11.97;10.41;10.03;10.15;54.32;61.64;43.52;4.75;10.72;11.13;152.98;4.91;4.08;4.85;4.18;5.26;2.87;2.93;2.34;4.31;10.85;11.21;148.13;2.77;3.06;5.85;1.75;1.85;1.92;1.87;1.91;2.39;3.14;2.99;150.98;148.76;11.44;11.23;10.91
Pb208;10.62;11.16;10.65;142.04;0.537;0.417;0.686;16857.51;17153.27;10.95;136.75;0.408;0.523;0.489;0.574;0.641;10.67;136.54;0.521;0.507;0.83;18.95;0.605;0.817;10.44;137.8;0.632;0.586;0.809;0.723;0.643;2.64;10.2;137.28;0.695;0.578;0.639;0.521;0.756;1.23;3.74;0.8;0.629;10.15;10.89;138.73;0.405;0.373;0.477;0.589;0.532;7594.23;7765.01;6938.18;13196.54;10.57;10.78;140.6;7850.12;8598.07;19190.93;3466.62;3223.94;3589.92;3661.13;3671.1;4112.84;2513.96;2380.64;141.79;139.09;10.73;10.92;10.87
;;;;;;;;;;;;;;;;;;;;;;;;;;;;;;;;;;;;;;;;;;;;;;;;;;;;;;;;;;;;;;;;;;;;;;;;;;
GLITTER!: Mean Raw CPS background NOT subtracted.;;;;;;;;;;;;;;;;;;;;;;;;;;;;;;;;;;;;;;;;;;;;;;;;;;;;;;;;;;;;;;;;;;;;;;;;;;
Element;N612-1;N612-2;N612-3;N610-1;Bonn-259B-Notho-1;Bonn-259B-Notho-2;Bonn-259B-Notho-3;3036-Gyro-4;3036-Gyro-5;N612-4;N610-2;2024-60-Acr-6;2024-60-Acr-7;2024-60-Acr-8;2024-60-Acr-9;2024-60-Acr-10;N612-5;N610-3;2024-60-Acr-11;2024-60-Acr-12;2024-60-Acr-13;2024-60-Acr-14;2024-60-Acr-15;2024-60-Acr-16;N612-6;N610-4;Bonn-606-Colo-17;Bonn-606-Colo-18;Bonn-606-Colo-19;Bonn-606-Colo-20;Bonn-606-Colo-21;2024-129-Notho-22;N612-7;N610-5;2024-129-Notho-23;2024-129-Notho-24;2024-129-Notho-25;2024-129-Notho-26;2024-129-Notho-27;177-L45-Saur-28;177-L45-Saur-29;177-L45-Saur-30;2024-34-Acr-31;N612-8;N612-9;N610-6;2024-34-Acr-32;2024-34-Acr-33;2024-34-Acr-34;2024-34-Acr-35;2024-34-Acr-36;3329-Saur-37;3329-Saur-38;3329-Saur-39;3329-Saur-40;N612-10;N612-11;N610-7;3329-Saur-41;3329-Saur-42;3329-Saur-43;3329-L29-Acr-44;3329-L29-Acr-45;3329-L29-Acr-46;3329-L29-Acr-47;3329-L29-Acr-48;3329-L29-Acr-49;3329-L29-Acr-50;3329-L29-Acr-51;N610-8;N610-9;N612-12;N612-13;N612-14
Ca43;105622;74414;87841;75637;38891;42083;45504;46245;45686;81113;69344;43313;42586;43897;44631;45207;80298;65834;41203;43520;39983;37281;43169;44461;76445;63663;37036;41640;43455;42635;45993;35951;72822;62027;39589;38372;38583;38323;37856;8364;11784;7921;32779;73947;68810;60836;31359;36701;36704;37242;38510;33547;37687;39961;30846;70740;68960;57646;35646;34739;34548;37019;34807;35134;33194;27241;25971;46840;48089;59162;57542;70058;66006;68447
Ca44;2892109;2323569;2815137;2414079;1010534;1087542;1248652;1054067;1111299;2864673;2230759;1215877;1157287;1198256;1241531;1235959;2760116;2091183;1109075;1165129;1129502;1028330;1180849;1242899;2487888;1948455;1030510;1233400;1310769;1214482;1288751;1022934;2291320;1856979;1045571;1072812;1059260;1043726;1075098;403295;468526;394050;927672;2481841;2116048;1886026;855501;1005591;1040052;1022551;1110267;828571;890984;914587;776892;2335497;2226287;1658237;819832;829746;886240;866909;825264;829655;802464;680314;668230;1132771;1111373;1794151;1622162;2261346;2029362;2101042
Cr52;36885;25607;28874;276382;3395;3275;3443;3376;3117;27374;244023;3385;2900;2854;2856;3019;26407;242497;2999;2815;2707;2588;2705;2683;25243;223941;2438;2376;2376;2216;2516;2773;23794;212388;2469;2697;2224;2356;2180;2166;2280;2316;2103;23209;22055;214743;2139;2004;2121;1935;2085;2345;2475;2394;2391;22081;22152;207961;2165;2254;2467;2330;2336;2204;2073;2051;2069;2156;2066;213009;203171;22212;20870;21280
Ni60;12945;10383;11873;80196;4554;4528;4653;5113;4784;10737;71691;4978;4751;4918;4681;4768;11568;69123;5004;4878;5036;11468;4972;4823;10907;65523;5212;4809;5076;4783;4829;5356;10564;63660;5200;5289;4798;5054;5122;5301;5126;5014;5020;10455;10652;62636;5213;5153;4989;5392;5116;5169;5485;5131;5228;10403;10455;59137;5370;4947;6846;4979;5286;5059;4957;5101;5205;5133;5488;60939;58348;10668;10380;10934
Cu63;20600;14722;17111;202837;356;327;710;7354;5828;15980;180315;298;254;324;314;313;15507;165455;234;231;1331;1168;292;219;14409;160868;283;311;322;266;341;357;13054;158076;286;453;246;300;330;216;405;219;187;13646;12707;157392;245;188;211;215;237;1897;2106;2520;2073;12823;12932;136271;1526;1351;3093;840;1379;3944;1346;1030;1219;664;782;138577;132560;13095;12179;13085
Zn66;3335;2309;2607;28169;498;615;649;5355;3836;2630;24892;467;510;516;471;510;2401;23295;463;395;558;513;468;685;2167;22372;466;526;683;503;537;355;2063;21715;406;367;357;305;368;250;216;152;353;1974;1999;20692;319;313;789;336;410;3843;4277;3789;4155;1964;1975;19185;3842;3751;5876;1310;1417;1301;1414;1061;968;1954;1913;19810;18672;2014;1866;1944
As75;6074;4855;5106;31881;1317;1376;1471;3838;4006;4852;25734;1224;1271;1258;1301;1318;4632;30593;1271;1235;2045;1367;1444;1308;4930;25150;1647;1463;1463;1443;1608;1686;4497;21917;1459;1467;1380;1381;1556;1388;1153;1281;1354;4478;4166;22726;1367;1347;1264;1318;1350;2928;2867;3087;3564;4289;3972;25683;2757;2763;4400;1550;1244;1458;1494;1256;1403;1549;1299;26497;25929;4441;3653;3939
Sr87;23957;17757;20421;205691;63499;65097;83310;13939;13946;19105;184158;48954;49053;52710;55033;52266;18090;173986;47107;45219;48834;42408;45074;54667;17025;165892;71549;82482;89266;90799;98108;75638;15845;159082;54989;50863;57262;58923;56543;6602;6626;6754;31848;16043;15308;157828;34405;38502;36756;36808;38912;8888;10577;10504;7781;15160;14885;144429;10318;9820;6857;22116;22895;22256;20726;16138;15327;26910;26944;147145;141900;15152;14053;15388
Sr88;119151;85651;100282;665389;940818;960593;1315240;182888;185581;93646;592763;694747;671961;767233;798558;782327;89512;563313;656621;637921;686790;597582;668146;757318;83575;541795;1124291;1409713;1582951;1736443;1966012;1140052;79039;505888;827326;782055;782516;783200;832137;85285;85254;86608;446834;77869;74865;501800;485651;549640;532515;513821;555065;116539;139169;141143;102107;73899;73760;471990;127603;129477;90488;300573;305464;303261;275384;208841;197650;379203;384863;476360;457051;74155;70026;72283
Cd111;2023;1452;1713;14122;46;60;35;80;83;1529;11976;45;32;27;30;29;1363;11153;36;26;40;33;41;35;1190;10238;32;37;31;62;77;43;1112;9054;25;24;39;45;26;6;4;0;19;1156;1057;9260;22;20;15;17;25;187;257;246;210;974;1095;8311;210;199;410;37;43;31;54;31;31;27;44;8043;7736;988;914;1075
Ba137;15290;11036;12471;135619;1347;1264;1663;2029;1959;12042;121399;628;817;806;1337;928;11831;116028;691;560;729;770;718;955;10979;112504;1392;1495;1703;2116;1995;1977;10324;107338;1535;1706;1531;1394;1394;1276;2536;1066;649;10254;10404;107093;487;702;649;695;747;366;381;514;454;10242;9933;100755;315;444;626;342;238;328;227;359;195;473;528;104188;99218;10217;9598;9963
Ba138;102274;74553;86517;1053947;8923;9017;11446;15269;14583;81349;939037;4822;4763;5294;5923;5382;77581;898452;4739;4218;5329;5009;5082;5684;73884;859820;9094;11448;12011;12836;13428;14118;69390;834504;11021;12113;10526;10138;10174;8946;15858;7005;4337;69327;66834;840547;4285;4258;4975;4350;5641;2789;3215;3088;3662;66931;67270;768632;2877;3008;5440;2066;2047;2136;1959;1648;1901;4143;4016;798603;765248;69516;63998;64578
Pb208;106034;77632;88000;1055597;561;474;851;21228672;21277764;83568;926495;539;651;613;719;811;80227;872522;599;615;903;18863;713;1002;74242;845770;649;667;960;833;808;2511;68421;814367;742;598;667;533;770;206;987;144;538;68558;68204;799902;334;361;470;576;545;6601027;7663979;7280552;10522467;67856;67121;760729;7285850;7768305;17080520;3337213;2907102;3260034;3124749;2532121;2696405;3088139;3003052;777122;740908;67020;63995;66187
;;;;;;;;;;;;;;;;;;;;;;;;;;;;;;;;;;;;;;;;;;;;;;;;;;;;;;;;;;;;;;;;;;;;;;;;;;
GLITTER!: Mean Raw CPS background subtracted.;;;;;;;;;;;;;;;;;;;;;;;;;;;;;;;;;;;;;;;;;;;;;;;;;;;;;;;;;;;;;;;;;;;;;;;;;;
Element;N612-1;N612-2;N612-3;N610-1;Bonn-259B-Notho-1;Bonn-259B-Notho-2;Bonn-259B-Notho-3;3036-Gyro-4;3036-Gyro-5;N612-4;N610-2;2024-60-Acr-6;2024-60-Acr-7;2024-60-Acr-8;2024-60-Acr-9;2024-60-Acr-10;N612-5;N610-3;2024-60-Acr-11;2024-60-Acr-12;2024-60-Acr-13;2024-60-Acr-14;2024-60-Acr-15;2024-60-Acr-16;N612-6;N610-4;Bonn-606-Colo-17;Bonn-606-Colo-18;Bonn-606-Colo-19;Bonn-606-Colo-20;Bonn-606-Colo-21;2024-129-Notho-22;N612-7;N610-5;2024-129-Notho-23;2024-129-Notho-24;2024-129-Notho-25;2024-129-Notho-26;2024-129-Notho-27;177-L45-Saur-28;177-L45-Saur-29;177-L45-Saur-30;2024-34-Acr-31;N612-8;N612-9;N610-6;2024-34-Acr-32;2024-34-Acr-33;2024-34-Acr-34;2024-34-Acr-35;2024-34-Acr-36;3329-Saur-37;3329-Saur-38;3329-Saur-39;3329-Saur-40;N612-10;N612-11;N610-7;3329-Saur-41;3329-Saur-42;3329-Saur-43;3329-L29-Acr-44;3329-L29-Acr-45;3329-L29-Acr-46;3329-L29-Acr-47;3329-L29-Acr-48;3329-L29-Acr-49;3329-L29-Acr-50;3329-L29-Acr-51;N610-8;N610-9;N612-12;N612-13;N612-14
Ca43;101533;70837;84212;72447;35663;38967;42472;43231;42623;78085;66466;40499;39580;41050;41862;42619;77602;63099;38583;40786;37460;34590;40678;41805;73938;61061;34591;39138;40972;40079;43579;33331;70263;59463;37159;35838;36117;35947;35619;5741;9305;5617;30276;71550;66361;58455;29049;34274;34401;34812;36359;31098;35345;37614;28609;68615;66745;55487;33429;32574;32119;34773;32603;32866;30919;25012;23797;44632;45877;56860;55318;67940;63782;66337
Ca44;2646225;2068716;2585680;2165236;747760;833684;991670;794653;858058;2610241;2000669;980333;901797;935993;979588;976811;2498717;1863963;875724;906093;864733;766974;916248;978133;2220156;1721581;783723;967019;1035724;939820;1010277;748257;2020283;1633434;819137;814279;792221;770396;800477;127089;190899;117933;653925;2208091;1911925;1659127;614639;741848;770204;748891;834735;556427;620740;647021;514035;2067177;2027399;1430602;588781;576930;627716;613918;572270;573410;547201;423231;409949;876071;857433;1536920;1430849;2048939;1824581;1892365
Cr52;32266;21955;25479;272866;306;164;311;392;186;24601;241204;430;0;0;0;188;23694;239872;330;138;15;0;137;0;22800;221570;105;84;55;0;224;428;21536;210211;291;434;161;105;23;0;71;195;124;21230;20169;212797;173;96;139;0;98;266;409;501;388;20070;20255;206022;300;303;445;255;460;376;86;0;51;127;69;211004;201360;20390;18999;19492
Ni60;8733;5587;7094;75891;0;0;0;242;133;5982;67017;91;0;141;0;0;6716;64045;154;0;41;6611;0;0;6005;60500;399;0;0;0;26;6;5451;58587;70;298;48;0;180;252;61;0;0;5457;5486;57470;0;122;0;433;0;0;479;56;201;5295;5414;53994;308;0;1592;0;116;20;0;139;29;0;213;55776;52912;5412;5005;5461
Cu63;20326;14516;16884;202655;133;90;503;7152;5636;15767;180182;136;60;123;144;67;15313;165299;69;59;1152;0;87;6;14253;160723;138;165;119;63;131;150;12838;157935;118;276;67;127;166;23;213;58;36;13474;12571;157247;101;13;25;16;97;1707;1928;2346;1891;12674;12808;136146;1389;1154;2957;679;1213;3804;1217;889;1067;521;637;138423;132431;12954;12054;12948
Zn66;3107;2092;2421;27986;369;460;464;5155;3660;2474;24729;322;370;371;329;323;2185;23159;354;241;421;399;320;544;2014;22278;302;381;539;364;395;218;1928;21609;292;248;220;147;256;119;91;4;215;1864;1885;20557;143;198;654;204;288;3714;4151;3659;4027;1833;1876;19089;3753;3647;5709;1211;1300;1183;1314;952;859;1850;1801;19658;18593;1909;1791;1869
As75;4820;3681;3978;30829;141;71;367;2730;2815;3708;24725;55;72;102;139;223;3501;29541;45;70;790;0;196;155;2956;24065;389;229;186;68;309;415;3243;20921;418;253;112;140;218;242;0;141;0;3267;3308;21671;156;35;0;32;0;1558;1429;1787;2254;2999;2886;24689;1404;1450;3117;419;0;0;254;37;52;188;0;25251;24762;3282;2572;2807
Sr87;23874;17676;20344;205640;63417;65036;83240;13870;13856;19013;184099;48902;48972;52647;54984;52200;18019;173910;47009;45165;48756;42102;44993;54629;16935;165812;71486;82403;89196;90725;98024;75569;15787;159022;54915;50800;57174;58838;56474;6510;6576;6703;31784;15979;15222;157745;34340;38446;36691;36757;38852;8827;10535;10456;7722;15110;14843;144351;10265;9770;6782;22066;22819;22176;20659;16098;15273;26858;26885;147100;141809;15092;13994;15298
Sr88;118313;84943;99636;664699;940206;959926;1314607;182274;185001;93041;592116;694147;671332;766590;797976;781671;88961;562705;655959;637328;686180;597065;667537;756718;82986;541206;1123713;1409156;1582353;1735846;1965373;1139409;78430;505289;826731;781469;781872;782655;831562;84699;84620;86038;446260;77379;74295;501272;485173;549105;531973;513258;554387;116045;138483;140600;101575;73385;73222;471433;127030;128975;89969;299991;304956;302712;274897;208326;197167;378747;384326;475773;456483;73634;69466;71746
Cd111;2019;1449;1711;14120;36;56;30;76;81;1529;11974;40;32;19;25;28;1363;11153;35;22;25;28;38;32;1190;10238;28;37;29;60;67;35;1110;9054;19;24;39;45;24;5;3;0;16;1153;1053;9258;20;20;11;17;24;174;254;244;210;971;1094;8311;207;198;410;34;43;31;49;31;29;24;43;8042;7732;988;914;1074
Ba137;15146;10928;12376;135499;1256;1175;1603;1925;1843;11965;121304;487;728;739;1250;855;11739;115911;613;491;619;703;643;875;10903;112426;1318;1407;1614;2051;1905;1895;10255;107260;1452;1622;1430;1322;1308;1199;2451;981;591;10161;10343;107018;412;633;595;608;675;286;327;454;396;10202;9870;100676;260;353;574;273;169;267;170;272;136;390;464;104119;99165;10150;9487;9883
Ba138;101485;73832;85847;1053359;8245;8354;10824;14642;13935;80795;938511;4241;4182;4696;5367;4851;77061;897890;4277;3591;4763;4526;4583;5133;73380;859355;8582;11052;11484;12347;12959;13509;68885;834086;10590;11533;10107;9683;9708;8371;15391;6557;3855;68925;66353;840166;3816;3741;4459;3892;5111;2383;2765;2352;3287;66557;66841;768241;2462;2652;4996;1615;1606;1672;1538;1266;1512;3713;3642;798238;764826;68998;63561;64217
Pb208;106031;77628;88000;1055597;559;474;849;21228672;21277566;83377;926428;479;600;581;695;790;80194;872490;579;596;894;18844;706;980;74234;845758;625;655;946;826;799;2504;68417;814362;733;587;654;530;762;199;984;126;537;68553;68203;799892;330;359;460;574;541;6601016;7663898;7280445;10522363;67713;67078;760709;7285813;7768226;17080396;3337064;2906947;3259897;3124633;2532036;2696337;3088057;3002965;777054;740866;66984;63970;66156
